Video,Sigma,Method,pre_delta_psnr,post_delta_psnr,codec_gain_psnr,bd_rate_psnr,mean_delta_psnr,low_bitrate_delta_psnr,win_rate_psnr,pre_delta_msssim,post_delta_msssim,codec_gain_msssim,bd_rate_msssim,mean_delta_msssim,low_bitrate_delta_msssim,win_rate_msssim,pre_delta_psnrb,post_delta_psnrb,codec_gain_psnrb,bd_rate_psnrb,mean_delta_psnrb,low_bitrate_delta_psnrb,win_rate_psnrb,pre_delta_epsnr,post_delta_epsnr,codec_gain_epsnr,bd_rate_epsnr,mean_delta_epsnr,low_bitrate_delta_epsnr,win_rate_epsnr,pre_delta_ssim,post_delta_ssim,codec_gain_ssim,bd_rate_ssim,mean_delta_ssim,low_bitrate_delta_ssim,win_rate_ssim,pre_delta_gbim,post_delta_gbim,codec_gain_gbim,bd_rate_gbim,mean_delta_gbim,low_bitrate_delta_gbim,win_rate_gbim,pre_delta_mepr,post_delta_mepr,codec_gain_mepr,bd_rate_mepr,mean_delta_mepr,low_bitrate_delta_mepr,win_rate_mepr,pre_delta_vmaf,post_delta_vmaf,codec_gain_vmaf,bd_rate_vmaf,mean_delta_vmaf,low_bitrate_delta_vmaf,win_rate_vmaf
akiyo,0,nr,nan,-0.07863779999999991,nan,1.0277403849908273,-0.07863779999999991,-0.039838333333333274,0.0,nan,nan,nan,nan,nan,nan,nan,nan,-0.02302891803379765,nan,-0.3713294906060316,-0.02302891803379765,-0.0398938819457797,0.2,nan,-0.05147834195782508,nan,0.2113277782670675,-0.05147834195782508,-0.022512933969065802,0.2,nan,-0.0002528000000000086,nan,1.2312588727379392,-0.0002528000000000086,-0.00019100000000001524,0.0,nan,0.00719105821504078,nan,,0.00719105821504078,0.006174051911696991,0.6,nan,-0.0025283056445739582,nan,2.873355796955268,-0.0025283056445739582,-0.0030857055546009335,0.0,nan,nan,nan,nan,nan,nan,nan
akiyo,0,hqdn3d,nan,-0.5576233999999985,nan,10.102495062034178,-0.5576233999999985,-0.34896866666666665,0.0,nan,nan,nan,nan,nan,nan,nan,-102.22284063391709,-0.25065893314864096,101.97218170076845,3.8748964093088922,-0.25065893314864096,-0.1662562806103741,0.0,-102.06204201274068,-0.016672163642473238,102.04536984909821,-0.6873755941658177,-0.016672163642473238,0.019736959425734096,0.4,-0.00756699999999999,-0.002367800000000009,0.005199199999999982,17.041191826100576,-0.002367800000000009,-0.001967000000000015,0.0,0.530926868001723,0.1091453285624798,-0.4217815394392431,,0.1091453285624798,0.048230652897561864,1.0,-0.35696780810691264,-0.054656461465601526,0.3023113466413111,89.87662332543123,-0.054656461465601526,-0.03820038249446097,0.0,nan,nan,nan,nan,nan,nan,nan
akiyo,0,dwt,nan,-2.378529799999997,nan,53.260430607171386,-2.378529799999997,-1.553307666666664,0.0,nan,nan,nan,nan,nan,nan,nan,-113.8941312070997,-4.1621043406119655,109.73202686648774,183.22156785564854,-4.1621043406119655,-2.2960008602965467,0.0,-112.89010552724085,-2.8305924030091107,110.05951312423174,40.749199117079016,-2.8305924030091107,-1.6454931338143222,0.0,-0.012850999999999946,-0.004633000000000021,0.008217999999999925,32.18564240593314,-0.004633000000000021,-0.0033206666666667126,0.0,-0.7123972560600453,-0.237515234012327,0.47488202204771834,,-0.237515234012327,-0.14374449611004816,0.0,-0.4428770649283431,-0.12654574581244854,0.31633131911589457,nan,-0.12654574581244854,-0.1050798569548053,0.0,nan,nan,nan,nan,nan,nan,nan
akiyo,0,gaussian,nan,-10.5077608,nan,nan,-10.5077608,-9.092084,0.0,nan,nan,nan,nan,nan,nan,nan,-117.79806714549886,-9.352446856299371,108.4456202891995,nan,-9.352446856299371,-7.807836305381708,0.0,-124.13162286317139,-11.911703100818634,112.21991976235276,nan,-11.911703100818634,-9.762526571935046,0.0,-0.04568700000000003,-0.03562820000000002,0.010058800000000014,nan,-0.03562820000000002,-0.03382200000000005,0.0,1.8969177622011921,1.3678969152348515,-0.5290208469663407,,1.3678969152348515,1.2841047704807393,1.0,-0.5290966150126573,-0.29433438322717664,0.2347622317854806,nan,-0.29433438322717664,-0.26919144581668847,0.0,nan,nan,nan,nan,nan,nan,nan
akiyo,0,prop,nan,-0.2005421999999996,nan,3.66481625338293,-0.2005421999999996,-0.13283166666666565,0.0,nan,nan,nan,nan,nan,nan,nan,-98.66369548068417,-0.09374634846213467,98.56994913222204,1.1602137021242243,-0.09374634846213467,-0.12117275994935757,0.2,-98.62092400157287,-0.07370289935846586,98.54722110221441,0.4354206810100125,-0.07370289935846586,-0.07599619932937192,0.0,-0.001711000000000018,-0.00015239999999998587,0.0015586000000000321,1.135361288317971,-0.00015239999999998587,-0.0001443333333333389,0.0,0.13893692601541474,0.03437838867635383,-0.10455853733906091,,0.03437838867635383,0.025870286358416223,1.0,-0.09496752804113451,-0.019352910485584473,0.07561461755555003,20.046635564815475,-0.019352910485584473,-0.014166058853531912,0.0,nan,nan,nan,nan,nan,nan,nan
akiyo,5,nr,nan,0.005658400000001507,nan,-3.231651166077698,0.005658400000001507,0.006761000000002089,0.8,nan,nan,nan,nan,nan,nan,nan,nan,0.012502973508348702,nan,-51.13601132074997,0.012502973508348702,0.012178183118895921,0.6,nan,0.015413266445581542,nan,-1.9825506582279218,0.015413266445581542,0.018412303177665734,0.8,nan,-9.999999999843468e-07,nan,-1.1722728213092504,-9.999999999843468e-07,-3.366666666663557e-05,0.4,nan,-0.007626115110126364,nan,,-0.007626115110126364,-0.01178687600441434,0.4,nan,0.004870141585267973,nan,1.8819597110551367,0.004870141585267973,0.007951500324211954,0.8,nan,nan,nan,nan,nan,nan,nan
akiyo,5,hqdn3d,0.8580650000000034,0.3376024000000001,-0.5204626000000033,0.7235976037002434,0.3376024000000001,0.23842299999999975,1.0,nan,nan,nan,nan,nan,nan,nan,1.0903114340065656,0.3762001006570074,-0.7141113333495582,10695.322985596287,0.3762001006570074,0.23644804609289594,1.0,0.36609877499709853,0.30809173530537065,-0.05800703969172788,-9.947496271367328,0.30809173530537065,0.23398205417329265,1.0,0.019560000000000022,0.003726200000000035,-0.015833799999999988,34.23867756017742,0.003726200000000035,0.0022170000000000614,1.0,1.143493620801035,0.06525113119008497,-1.07824248961095,,0.06525113119008497,0.024887475250847668,1.0,0.02507215874706667,0.03307494929792119,0.008002790550854517,18.833418892255203,0.03307494929792119,0.03053689803405864,0.8,nan,nan,nan,nan,nan,nan,nan
akiyo,5,dwt,4.242761000000002,1.1242875999999995,-3.118473400000002,-36.98252454855516,1.1242875999999995,0.8089486666666659,1.0,nan,nan,nan,nan,nan,nan,nan,3.7873401718406434,0.31306924680653053,-3.474270925034113,161393.59836019672,0.31306924680653053,0.35127931067713075,1.0,0.9081720542659326,0.5670767901419154,-0.34109526412401725,-14.706161909376847,0.5670767901419154,0.3610920923093808,0.8,0.08796599999999999,0.01562220000000003,-0.07234379999999996,nan,0.01562220000000003,0.011021666666666707,1.0,2.574826703496763,0.10162320219078973,-2.473203501305973,,0.10162320219078973,0.02820463307866457,1.0,0.3730131511072813,0.13470531370813701,-0.23830783739914427,84.81395081425707,0.13470531370813701,0.039339855396607816,0.8,nan,nan,nan,nan,nan,nan,nan
akiyo,5,gaussian,-2.676961999999996,-5.4281843999999975,-2.7512224000000014,nan,-5.4281843999999975,-5.339040333333332,0.0,nan,nan,nan,nan,nan,nan,nan,2.005411636348896,-5.2803406281360346,-7.28575226448493,nan,-5.2803406281360346,-5.117541308218581,0.0,-8.912775560476994,-7.312454156162805,1.6003214043141893,nan,-7.312454156162805,-6.639545665107164,0.0,0.07211800000000002,-0.014734400000000014,-0.08685240000000002,nan,-0.014734400000000014,-0.020166333333333324,0.0,6.198712446306923,1.5454418950719826,-4.653270551234941,,1.5454418950719826,1.3770756201969867,1.0,0.367333561782541,0.18387762279083933,-0.18345593899170168,114.01799507360009,0.18387762279083933,0.08197965557113192,0.8,nan,nan,nan,nan,nan,nan,nan
akiyo,5,prop,4.589790999999998,1.4252443999999997,-3.1645465999999987,-45.83757246982923,1.4252443999999997,1.1690193333333336,1.0,nan,nan,nan,nan,nan,nan,nan,6.632957982903612,1.3641732422857316,-5.26878474061788,3429.2823064064037,1.3641732422857316,0.9873567176207653,1.0,4.142347698696611,1.371862157238077,-2.770485541458534,-27.539912983964843,1.371862157238077,1.0540569496690217,1.0,0.07917400000000008,0.013907400000000014,-0.06526660000000006,nan,0.013907400000000014,0.010683666666666683,1.0,2.965738320007943,0.08291569347964733,-2.8828226265282955,,0.08291569347964733,0.062126028534701394,1.0,0.21948026532923265,0.19845773540367045,-0.021022529925562194,56.108624783821035,0.19845773540367045,0.14159397677484672,0.8,nan,nan,nan,nan,nan,nan,nan
akiyo,10,nr,nan,-0.0036731999999972233,nan,1.9807638363596114,-0.0036731999999972233,-0.010756333333330778,0.4,nan,nan,nan,nan,nan,nan,nan,nan,-0.000864923112782634,nan,-4.608865352398473,-0.000864923112782634,-0.0053409461232583055,0.6,nan,0.006310916153923074,nan,-9.434262211542366,0.006310916153923074,0.004181589478590079,0.6,nan,-0.00019299999999999873,nan,-0.8001246949755902,-0.00019299999999999873,-0.00030599999999999145,0.4,nan,-0.010759977613902193,nan,,-0.010759977613902193,-0.007812564669396357,0.6,nan,-0.0013239011306678873,nan,-0.024500564929785806,-0.0013239011306678873,-0.001955248025188816,0.2,nan,nan,nan,nan,nan,nan,nan
akiyo,10,hqdn3d,0.14170199999999866,0.04921080000000018,-0.09249119999999848,2.557265567987832,0.04921080000000018,0.035463999999999864,1.0,nan,nan,nan,nan,nan,nan,nan,0.17976221386794222,-0.013831141648720546,-0.19359335551666276,1.692620912659959,-0.013831141648720546,-0.05397396475608929,0.4,0.08899469892036649,0.022985044509676554,-0.06600965441068993,-19.554945790909095,0.022985044509676554,0.009775004582864474,0.6,0.003178000000000014,0.0008836000000000289,-0.0022943999999999855,1.8198835772865296,0.0008836000000000289,0.00036366666666668806,0.8,0.6032315454517487,0.00018362438057222262,-0.6030479210711766,,0.00018362438057222262,-0.015596068310457975,0.4,0.0025406582750404985,0.0042554224258676,0.0017147641508271014,1.5491254155047152,0.0042554224258676,0.005302224852194726,0.6,nan,nan,nan,nan,nan,nan,nan
akiyo,10,dwt,4.021957999999998,1.602994400000003,-2.418963599999995,nan,1.602994400000003,1.1941740000000038,1.0,nan,nan,nan,nan,nan,nan,nan,3.8949815567848383,1.678795602070324,-2.216185954714514,434.018329707801,1.678795602070324,0.9642453248204047,1.0,2.810057190161011,0.9548479019511931,-1.855209288209818,-43.783706429110666,0.9548479019511931,0.6519428911413515,1.0,0.127923,0.03434740000000003,-0.09357559999999998,nan,0.03434740000000003,0.02353800000000006,1.0,4.534828210118908,0.687342767374744,-3.8474854427441643,,0.687342767374744,0.341804404323784,1.0,0.055388925962990866,0.15353495457743288,0.09814602861444202,61.866891612066375,0.15353495457743288,0.1455959520310237,1.0,nan,nan,nan,nan,nan,nan,nan
akiyo,10,gaussian,2.9590260000000015,-2.6406367999999985,-5.5996628,nan,-2.6406367999999985,-3.025792999999998,0.0,nan,nan,nan,nan,nan,nan,nan,7.6396446233193736,-2.262044559766477,-9.90168918308585,nan,-2.262044559766477,-3.0657612313062343,0.0,-3.06453277380146,-5.136686862102932,-2.072154088301472,nan,-5.136686862102932,-4.919086436210623,0.0,0.21991800000000006,0.023822600000000006,-0.19609540000000006,7.5256299618445155,0.023822600000000006,0.007176000000000034,0.8,11.748059369302101,2.4308708821325102,-9.317188487169592,,2.4308708821325102,1.8434936819747865,1.0,0.2032170023098439,0.20442551322650981,0.0012085109166659058,83.89175379341845,0.20442551322650981,0.1877703469572267,1.0,nan,nan,nan,nan,nan,nan,nan
akiyo,10,prop,6.877011000000003,2.100451400000003,-4.776559600000001,nan,2.100451400000003,1.671395000000004,1.0,nan,nan,nan,nan,nan,nan,nan,10.052904177875025,2.4819692655072125,-7.570934912367813,-56.761761761749696,2.4819692655072125,1.5528660273799215,1.0,5.615077128672933,1.2341248153138806,-4.380952313359052,-46.93616916935767,1.2341248153138806,0.9253716202217402,1.0,0.19596800000000003,0.04169540000000001,-0.15427260000000004,nan,0.04169540000000001,0.03052033333333337,1.0,8.130653307717262,0.8923309084057628,-7.2383223993115,,0.8923309084057628,0.5140507301699158,1.0,0.18534311719520186,0.2615569829584813,0.07621386576327943,145.64078054893287,0.2615569829584813,0.24341362484459275,1.0,nan,nan,nan,nan,nan,nan,nan
akiyo,15,nr,nan,0.004458600000001667,nan,-0.48286174454269526,0.004458600000001667,0.005234000000003884,0.6,nan,nan,nan,nan,nan,nan,nan,nan,0.03635297384882748,nan,0.7612383847989346,0.03635297384882748,0.03582183682250791,0.8,nan,0.008548071498311317,nan,3180930287887.3447,0.008548071498311317,0.01811026865047675,0.6,nan,0.00042480000000004735,nan,0.9796207436750137,0.00042480000000004735,0.0006630000000000432,0.8,nan,0.008898910547892847,nan,,0.008898910547892847,0.010909597194724027,0.6,nan,-0.0011086928912984906,nan,-1.056209316861867,-0.0011086928912984906,-0.0018300147513321448,0.4,nan,nan,nan,nan,nan,nan,nan
akiyo,15,hqdn3d,0.041260000000001185,0.006086200000001441,-0.03517379999999974,0.25911151051081216,0.006086200000001441,-0.0036953333333305713,0.8,nan,nan,nan,nan,nan,nan,nan,0.05386488911567611,0.02314070558422543,-0.030724183531450677,-2.011226956392509,0.02314070558422543,0.01261589227886617,0.8,0.03091745697464887,0.006244958899760178,-0.024672498074888694,-98.9023504044421,0.006244958899760178,0.002241558645708371,0.6,-0.0006940000000000834,0.0002898000000000067,0.0009838000000000902,0.4451446806323034,0.0002898000000000067,5.8999999999994244e-05,0.8,0.37487081851180193,0.027748928934975582,-0.3471218895768263,,0.027748928934975582,0.023682303959679036,0.8,0.0006497023706597063,-0.0020598246829174106,-0.002709527053577117,-2.576030227674364,-0.0020598246829174106,-0.0038589679984568914,0.8,nan,nan,nan,nan,nan,nan,nan
akiyo,15,dwt,2.948232000000001,1.6380185999999994,-1.3102134000000014,nan,1.6380185999999994,1.3812413333333329,1.0,nan,nan,nan,nan,nan,nan,nan,2.837530315735595,1.9607297407604982,-0.8768005749750969,112.60252243117561,1.9607297407604982,1.4607946996856878,1.0,2.41841356038611,0.9579300704365685,-1.4604834899495416,172.85209244362883,0.9579300704365685,0.7062467417543653,1.0,0.09035799999999994,0.04710180000000001,-0.043256199999999925,142.1124171516414,0.04710180000000001,0.038003333333333354,1.0,5.210544254141638,1.123398818962046,-4.0871454351795915,,1.123398818962046,0.7321430150294023,1.0,0.021285379318145274,0.0951661175904585,0.07388073827231323,20.39849970960248,0.0951661175904585,0.11219090066357677,1.0,nan,nan,nan,nan,nan,nan,nan
akiyo,15,gaussian,5.945867000000003,-0.5585509999999999,-6.504418000000003,-44.56862326404707,-0.5585509999999999,-1.1472579999999983,0.4,nan,nan,nan,nan,nan,nan,nan,10.568615973828024,0.4185947908640976,-10.150021182963926,-30.654467539048134,0.4185947908640976,-0.9493682181880571,0.6,0.25376978564968766,-3.5208958579800758,-3.7746656436297634,nan,-3.5208958579800758,-3.5881002430796585,0.0,0.2986289999999999,0.07173140000000003,-0.2268975999999999,nan,0.07173140000000003,0.048267666666666674,1.0,17.309332753406157,3.6222922682668326,-13.687040485139324,,3.6222922682668326,2.648008818808238,1.0,0.13954880709321102,0.17352675739024154,0.03397795029703052,46.974960889581595,0.17352675739024154,0.18198540417208386,1.0,nan,nan,nan,nan,nan,nan,nan
akiyo,15,prop,8.562057,2.8675082000000005,-5.694548799999999,nan,2.8675082000000005,2.277744333333336,1.0,nan,nan,nan,nan,nan,nan,nan,12.719328890021593,3.8691166031727233,-8.850212286848869,nan,3.8691166031727233,2.467118476312242,1.0,6.5062774778251615,1.2095177567421231,-5.296759721083038,180.20599413499002,1.2095177567421231,0.7574157653315794,1.0,0.271668,0.08564640000000004,-0.18602159999999998,nan,0.08564640000000004,0.06782100000000006,1.0,13.923108692825263,2.2178469062160926,-11.70526178660917,,2.2178469062160926,1.4693657860675795,1.0,0.16610245496865803,0.28400007497085306,0.11789762000219503,112.33225172558451,0.28400007497085306,0.29817585284604337,1.0,nan,nan,nan,nan,nan,nan,nan
foreman,0,nr,nan,-0.019173599999997747,nan,0.5002082310492817,-0.019173599999997747,-0.01989199999999869,0.0,nan,nan,nan,nan,nan,nan,nan,nan,-0.004240990203696527,nan,0.04760102415015677,-0.004240990203696527,0.0031068699312181516,0.2,nan,0.005859547007138843,nan,-0.2854449682716975,0.005859547007138843,0.019416861439919348,0.6,nan,-0.0002810000000000201,nan,0.9230169620653372,-0.0002810000000000201,-0.0004503333333333674,0.2,nan,-0.00973223444299034,nan,,-0.00973223444299034,-0.01713981243777714,0.2,nan,0.0004042582880588785,nan,-1.7301531308416163,0.0004042582880588785,0.0006034555593276517,0.4,nan,nan,nan,nan,nan,nan,nan
foreman,0,hqdn3d,nan,-0.09426899999999919,nan,1.6817205808159041,-0.09426899999999919,-0.06855533333333479,0.0,nan,nan,nan,nan,nan,nan,nan,-103.8114885611607,-0.01684187778706985,103.79464668337363,-0.08468748856831354,-0.01684187778706985,0.024983625525410485,0.4,-101.92004372524997,0.08853579944602501,102.00857952469599,-1.483455627189234,0.08853579944602501,0.08602875294361449,1.0,-0.009928999999999966,-0.002404600000000023,0.007524399999999942,3.5403103793474333,-0.002404600000000023,-0.0018903333333333643,0.0,0.7470469192198843,0.08804002091792781,-0.6590068983019565,,0.08804002091792781,0.06405787992512746,1.0,-0.13435563506355497,-0.020773436630885156,0.11358219843266981,21.442983684064167,-0.020773436630885156,-0.01589880205376752,0.0,nan,nan,nan,nan,nan,nan,nan
foreman,0,dwt,nan,-1.038025599999998,nan,16.393853044837204,-1.038025599999998,-0.6052893333333328,0.0,nan,nan,nan,nan,nan,nan,nan,-115.23940935962071,-0.8433462067561592,114.39606315286454,10.984579746157408,-0.8433462067561592,-0.41512178009880785,0.0,-116.19844728428025,-1.1839220728520772,115.01452521142818,14.732034319172849,-1.1839220728520772,-0.6373328107389113,0.0,-0.029160999999999992,-0.01298539999999999,0.016175600000000002,17.16748546330342,-0.01298539999999999,-0.01036366666666666,0.0,-0.5953098992415864,0.2610016908425335,0.8563115900841198,,0.2610016908425335,0.21077317506459922,1.0,-0.29288682914047814,-0.1105354885993138,0.18235134054116436,267.84935849232795,-0.1105354885993138,-0.09162309188450753,0.0,nan,nan,nan,nan,nan,nan,nan
foreman,0,gaussian,nan,-5.2282888,nan,300.2046687763385,-5.2282888,-3.836450666666668,0.0,nan,nan,nan,nan,nan,nan,nan,-120.37987628582047,-5.3870120047051815,114.99286428111529,254.84331719572796,-5.3870120047051815,-3.92145836546865,0.0,-125.60009710098586,-6.211352874101626,119.38874422688424,399.6583826470948,-6.211352874101626,-4.377631802871726,0.0,-0.08981300000000003,-0.049035200000000036,0.040777799999999996,73.5521389792118,-0.049035200000000036,-0.04067200000000004,0.0,2.6725528506269782,1.5106859210180428,-1.1618669296089355,,1.5106859210180428,1.336942619718782,1.0,-0.35108821739447615,-0.19702149500816205,0.1540667223863141,nan,-0.19702149500816205,-0.1682234083461126,0.0,nan,nan,nan,nan,nan,nan,nan
foreman,0,prop,nan,-0.05906539999999936,nan,0.9425958726238637,-0.05906539999999936,-0.029771333333335075,0.2,nan,nan,nan,nan,nan,nan,nan,-98.73634567759063,-0.009590282063994949,98.72675539552664,0.22304377595088187,-0.009590282063994949,0.012399894880144776,0.4,-98.74407222309051,-0.01914465940425032,98.72492756368626,0.4845699435487072,-0.01914465940425032,-0.007562836681059319,0.2,-0.0013300000000000534,-0.0005530000000000035,0.0007770000000000499,0.9264133654797835,-0.0005530000000000035,-0.0005906666666667023,0.0,0.21997495546550727,0.027757259751445496,-0.19221769571406178,,0.027757259751445496,0.01946752559276721,0.8,-0.03833872869578259,-0.007424975686420132,0.030913753009362454,9.252061047765658,-0.007424975686420132,-0.007319407283786957,0.0,nan,nan,nan,nan,nan,nan,nan
foreman,5,nr,nan,-0.000517000000000678,nan,-0.26893199155594294,-0.000517000000000678,-0.0067190000000015475,0.8,nan,nan,nan,nan,nan,nan,nan,nan,-0.01957714210110879,nan,0.8172678518591603,-0.01957714210110879,-0.02328586525991246,0.2,nan,-0.0226194529377338,nan,0.9456001935409519,-0.0226194529377338,-0.037205356567568515,0.4,nan,-0.00031920000000000836,nan,1.3599385930100683,-0.00031920000000000836,-0.0005543333333333603,0.2,nan,0.005802432198506758,nan,,0.005802432198506758,0.011901295974695655,0.6,nan,-0.0005491914830711986,nan,1.395694145217341,-0.0005491914830711986,-0.0009780934886679156,0.6,nan,nan,nan,nan,nan,nan,nan
foreman,5,hqdn3d,0.49453600000000364,0.0558595999999973,-0.43867640000000635,-1.4531848915862566,0.0558595999999973,0.0018443333333320784,0.8,nan,nan,nan,nan,nan,nan,nan,0.8706234756648392,0.09867398739614686,-0.7719494882686924,-2.423090355267976,0.09867398739614686,0.04503438243474989,0.8,0.10973951968134799,0.09446335350571715,-0.015276166175630837,-1.3671622941251793,0.09446335350571715,0.030290556145142016,0.8,0.00797800000000004,0.0005236000000000019,-0.007454400000000039,-9.143015371554664,0.0005236000000000019,-0.0004313333333333391,0.6,0.9814835211891921,0.041241564663802424,-0.9402419565253897,,0.041241564663802424,0.020836486985953268,1.0,0.06188645825938921,-0.009404846071670492,-0.07129130433105971,7.112392698978942,-0.009404846071670492,-0.008608656245209456,0.0,nan,nan,nan,nan,nan,nan,nan
foreman,5,dwt,1.1394660000000059,-0.2693850000000012,-1.408851000000007,6.065144552615043,-0.2693850000000012,-0.2833763333333342,0.0,nan,nan,nan,nan,nan,nan,nan,2.637003542273966,-0.09366056278051645,-2.7306641050544824,0.7176612892756618,-0.09366056278051645,-0.1334547442834856,0.4,-1.7911695616772896,-0.37565088011271613,1.4155186815645735,8.573803206100905,-0.37565088011271613,-0.3304038678662226,0.0,0.04092499999999999,-0.001129800000000003,-0.04205479999999999,-18.96529751254675,-0.001129800000000003,-0.00281400000000002,0.4,2.1191339142392938,0.3662970230404817,-1.7528368911988121,,0.3662970230404817,0.2449427629236247,1.0,0.0891805875740399,-0.12809667236479283,-0.21727725993883273,151.15447419189607,-0.12809667236479283,-0.09500897168042959,0.0,nan,nan,nan,nan,nan,nan,nan
foreman,5,gaussian,-5.997549999999997,-4.322968600000002,1.6745813999999948,290.1484539906744,-4.322968600000002,-3.4724090000000025,0.0,nan,nan,nan,nan,nan,nan,nan,-0.4979839966359947,-4.4043745143696444,-3.9063905177336498,197.2985724133117,-4.4043745143696444,-3.510808693312338,0.0,-10.293102835299546,-5.197181796388437,5.09592103891111,335.6105408619884,-5.197181796388437,-3.9770535384335624,0.0,-0.008889999999999953,-0.04013279999999999,-0.031242800000000036,2.196958203920407,-0.04013279999999999,-0.03602466666666667,0.0,6.287797986090139,1.676741401067709,-4.61105658502243,,1.676741401067709,1.3914151819505498,1.0,0.10394261544456285,-0.22567151608089028,-0.32961413152545316,nan,-0.22567151608089028,-0.18450648616479723,0.0,nan,nan,nan,nan,nan,nan,nan
foreman,5,prop,2.069592,0.07178739999999806,-1.997804600000002,-2.34585650752388,0.07178739999999806,0.02065333333333304,1.0,nan,nan,nan,nan,nan,nan,nan,5.058629189454582,0.027813522748742513,-5.0308156667058395,-0.9657145254797661,0.027813522748742513,-0.02668760278317232,0.6,1.4610676108716945,-0.057140012469951526,-1.518207623341646,2.2428811097877643,-0.057140012469951526,-0.08818964080753726,0.2,0.03396100000000002,0.0032801999999999775,-0.030680800000000043,-19.01986125653188,0.0032801999999999775,0.00197899999999999,1.0,2.0842807015336104,0.1605690714593324,-1.923711630074278,,0.1605690714593324,0.10770489886405521,1.0,0.1513551618791531,-0.02480366944256267,-0.17615883132171578,17.500514331657534,-0.02480366944256267,-0.02021770356975028,0.0,nan,nan,nan,nan,nan,nan,nan
foreman,10,nr,nan,0.0019043999999993843,nan,0.8887156296263132,0.0019043999999993843,-0.005948000000001248,0.6,nan,nan,nan,nan,nan,nan,nan,nan,-0.003404216828702289,nan,-61.97424387342589,-0.003404216828702289,0.003034512039846504,0.6,nan,0.0070557889814445215,nan,1.7126211488712961,0.0070557889814445215,0.006207105055439162,0.6,nan,1.100000000000545e-05,nan,-33.12930857393187,1.100000000000545e-05,-8.66666666665683e-06,0.6,nan,-0.008130709783327106,nan,,-0.008130709783327106,-0.005432065556824443,0.2,nan,0.002701920535883917,nan,-3.583962147676001,0.002701920535883917,0.003370749976259709,0.8,nan,nan,nan,nan,nan,nan,nan
foreman,10,hqdn3d,0.10097599999999929,0.016474600000000096,-0.0845013999999992,-20.300129643469756,0.016474600000000096,0.004369333333333003,0.8,nan,nan,nan,nan,nan,nan,nan,0.15917506150674754,0.047350372207391446,-0.1118246892993561,402.9189540372698,0.047350372207391446,0.05286819080173899,1.0,0.045911350550774443,0.05041219029656787,0.0045008397457934265,-1.457767110446695,0.05041219029656787,0.06680801512480627,1.0,-3.199999999992098e-05,3.839999999997179e-05,7.039999999989278e-05,-58.06239280552856,3.839999999997179e-05,-0.00034700000000002323,0.6,0.5547689816912218,0.01767533935702481,-0.537093642334197,,0.01767533935702481,0.010669098702043614,0.8,0.01214109403307212,0.004144803524055574,-0.007996290509016546,2.1153467705194995,0.004144803524055574,0.002168228687208266,0.8,nan,nan,nan,nan,nan,nan,nan
foreman,10,dwt,2.995460999999999,0.4764257999999984,-2.5190352000000003,-65.58322707366715,0.4764257999999984,0.20629966666666633,0.8,nan,nan,nan,nan,nan,nan,nan,3.4000153421077606,0.7736599161550423,-2.626355425952718,6167641.373950642,0.7736599161550423,0.32589101619186894,1.0,1.3873559312812596,0.28833147047060803,-1.0990244608106514,-3.4759092348793597,0.28833147047060803,0.08324087715559376,0.6,0.08469800000000005,0.016935000000000013,-0.06776300000000005,-97.79529243433439,0.016935000000000013,0.008728000000000033,1.0,3.9821156453096886,0.7521616546136889,-3.229953990696,,0.7521616546136889,0.41550575079887003,1.0,0.2412956258241768,-0.06238586308262941,-0.3036814889068062,-90.77750404454204,-0.06238586308262941,-0.09519483125057548,0.2,nan,nan,nan,nan,nan,nan,nan
foreman,10,gaussian,-0.1926489999999994,-2.8679346000000003,-2.675285600000001,143.48181483818374,-2.8679346000000003,-2.6032420000000003,0.0,nan,nan,nan,nan,nan,nan,nan,5.2154869208483134,-2.686619338957775,-7.9021062598060885,4991063.236630746,-2.686619338957775,-2.58048928368702,0.0,-4.420701223315987,-3.782673410893878,0.6380278124221093,338.5675978195009,-3.782673410893878,-3.1614203167049717,0.0,0.10879100000000008,-0.013290800000000002,-0.12208180000000009,-98.81612002149215,-0.013290800000000002,-0.019473,0.2,11.44631746765831,2.360737025571327,-9.085580442086984,,2.360737025571327,1.71832018505468,1.0,0.4489700317403685,-0.1551564573390533,-0.6041264890794218,nan,-0.1551564573390533,-0.19938936420533257,0.0,nan,nan,nan,nan,nan,nan,nan
foreman,10,prop,4.216439999999999,0.48849479999999945,-3.7279451999999993,-66.53989639876625,0.48849479999999945,0.24486633333333194,1.0,nan,nan,nan,nan,nan,nan,nan,8.916578836188524,0.6153220411461937,-8.301256795042331,5385641.167098558,0.6153220411461937,0.2066705515759845,0.8,2.715604589815225,0.04020878360437621,-2.6753958062108487,-0.06364086746323272,0.04020878360437621,-0.10652022171222934,0.6,0.11136100000000004,0.019037199999999976,-0.09232380000000007,-97.39219315935406,0.019037199999999976,0.011831333333333305,1.0,7.168218288225555,0.8915127370745097,-6.2767055511510454,,0.8915127370745097,0.5254440521167739,1.0,0.3208779810274544,0.009754906078065262,-0.3111230749493891,-24.45006703090603,0.009754906078065262,-0.05898237239681081,0.4,nan,nan,nan,nan,nan,nan,nan
foreman,15,nr,nan,0.0006839999999989743,nan,-23.083429164414216,0.0006839999999989743,0.0028513333333322066,0.6,nan,nan,nan,nan,nan,nan,nan,nan,-0.0050376160662480626,nan,1.8847067963669195,-0.0050376160662480626,-0.003974005153525677,0.2,nan,-0.007540319148408514,nan,1.226178655527077,-0.007540319148408514,-0.0239234509720454,0.4,nan,-0.00029140000000000833,nan,0.9057747509670033,-0.00029140000000000833,-0.0003696666666666755,0.6,nan,0.025109619170666342,nan,,0.025109619170666342,0.04377727591996076,0.8,nan,-0.00044989577807983403,nan,-1.0982049660197335,-0.00044989577807983403,-0.0014611139414092422,0.8,nan,nan,nan,nan,nan,nan,nan
foreman,15,hqdn3d,0.03127300000000233,0.0012467999999998369,-0.03002620000000249,-62.68065939149523,0.0012467999999998369,0.0013526666666668536,0.6,nan,nan,nan,nan,nan,nan,nan,0.04883453072335797,0.00447814985285575,-0.04435638087050222,2.327192767834574,0.00447814985285575,0.02420214434724599,0.6,0.01834664985802803,0.011894736414423335,-0.006451913443604695,-1.8111682117258887,0.011894736414423335,0.017533984937125286,0.6,-0.002495000000000025,-0.00034600000000000185,0.0021490000000000233,-0.9283456129602241,-0.00034600000000000185,-0.0003869999999999892,0.2,0.35185927135417927,0.002249840598678432,-0.3496094307555008,,0.002249840598678432,0.016521995984205635,0.6,0.0038549776682613723,0.0013286729747532533,-0.002526304693508119,-0.4230594047770375,0.0013286729747532533,0.0014879019888511442,0.6,nan,nan,nan,nan,nan,nan,nan
foreman,15,dwt,2.565479,0.7926899999999997,-1.7727890000000002,-98.25522416480939,0.7926899999999997,0.5119406666666665,1.0,nan,nan,nan,nan,nan,nan,nan,2.6108702727051245,1.4296132460083555,-1.181257026696769,-99.9999937023415,1.4296132460083555,0.6929884414877362,1.0,1.7438078926975074,0.476914330230607,-1.2668935624669004,-1.9819241471449311,0.476914330230607,0.2669924549518079,0.8,0.07181499999999996,0.029566400000000038,-0.04224859999999993,5970.655315162514,0.029566400000000038,0.020556666666666706,1.0,4.660316908005859,1.1486485424566824,-3.5116683655491765,,1.1486485424566824,0.7423235871310002,1.0,0.12300296168639913,0.05430364014000706,-0.06869932154639206,665.1585457408729,0.05430364014000706,-0.021586579493777736,0.6,nan,nan,nan,nan,nan,nan,nan
foreman,15,gaussian,3.022090000000002,-1.5271646000000003,-4.549254600000003,-97.99812243335249,-1.5271646000000003,-1.6260506666666668,0.0,nan,nan,nan,nan,nan,nan,nan,8.281845870745116,-0.7872984007967695,-9.069144271541886,19.846257749511675,-0.7872984007967695,-1.5121198655274881,0.2,-1.076625144557255,-2.652480225130007,-1.5758550805727518,281.5395730768589,-2.652480225130007,-2.409086258455671,0.0,0.18764499999999995,0.021039200000000015,-0.16660579999999994,-65.51179899774064,0.021039200000000015,0.006283000000000001,0.8,16.660994248268953,3.399110560547334,-13.261883687721618,,3.399110560547334,2.367211831423314,1.0,0.5939460369069637,-0.0026947429933875224,-0.5966407799003512,-14.957504426070622,-0.0026947429933875224,-0.11421109834949177,0.6,nan,nan,nan,nan,nan,nan,nan
foreman,15,prop,5.507470000000001,0.9401477999999998,-4.567322200000001,-99.52920868374123,0.9401477999999998,0.5919789999999997,1.0,nan,nan,nan,nan,nan,nan,nan,10.173189634736215,1.7765681926397712,-8.396621442096443,62.904620059523886,1.7765681926397712,0.8593668894413788,1.0,3.377482298591957,0.30349207632172365,-3.0739902222702336,-10.92174565332641,0.30349207632172365,0.12329398852331981,0.8,0.16364800000000002,0.040653600000000026,-0.12299439999999999,-99.99999857075295,0.040653600000000026,0.028576666666666695,1.0,12.175190058111564,2.025270190135016,-10.149919867976548,,2.025270190135016,1.3265895772509144,1.0,0.5667740995390067,0.03320961364758801,-0.5335644858914187,19.683197892697034,0.03320961364758801,-0.08001371891301907,0.6,nan,nan,nan,nan,nan,nan,nan
mobile,0,nr,nan,0.00043119999999987615,nan,-0.11045144347731073,0.00043119999999987615,-0.0008330000000000837,0.6,nan,nan,nan,nan,nan,nan,nan,nan,-0.0014251612247576872,nan,0.2018757431340168,-0.0014251612247576872,-0.003741294603185471,0.4,nan,0.0006367266068799893,nan,0.15046180192406222,0.0006367266068799893,-0.0037195661083728737,0.6,nan,-0.0002714000000000105,nan,0.01899972894430224,-0.0002714000000000105,-0.0005230000000000142,0.6,nan,-0.02199250604047016,nan,,-0.02199250604047016,-0.03833556064055147,0.2,nan,-0.0011759406312584985,nan,-1.471469666012315,-0.0011759406312584985,-0.002344445180264517,0.6,nan,nan,nan,nan,nan,nan,nan
mobile,0,hqdn3d,nan,-0.014778799999999847,nan,0.10117549959884897,-0.014778799999999847,-0.011380000000000242,0.0,nan,nan,nan,nan,nan,nan,nan,-101.83883271733939,-0.018630438042089283,101.82020227929729,0.3274630554859881,-0.018630438042089283,-0.025352354577801606,0.2,-98.42119540721137,-0.006026721432797188,98.41516868577857,0.19240890995320115,-0.006026721432797188,-0.02159121420736791,0.4,-0.0037129999999999663,-0.0011950000000000127,0.0025179999999999534,1.0536334808868286,-0.0011950000000000127,-0.0011373333333333606,0.0,0.5215589187137084,0.0740303432302003,-0.4475285754835081,,0.0740303432302003,0.07902818385497727,1.0,-0.03538653168891104,-0.004193545837711388,0.031192985851199652,3.9746050442745817,-0.004193545837711388,-0.004866126132834177,0.0,nan,nan,nan,nan,nan,nan,nan
mobile,0,dwt,nan,-0.26344700000000004,nan,2.9629564911800577,-0.26344700000000004,-0.13265100000000038,0.0,nan,nan,nan,nan,nan,nan,nan,-114.81036293683546,-0.34803793780563835,114.46232499902982,3.930428269110897,-0.34803793780563835,-0.18735581615069444,0.0,-117.84452314616894,-0.471369822789444,117.3731533233795,5.638506581829894,-0.471369822789444,-0.2889478447552148,0.0,-0.01678400000000002,-0.0072154000000000055,0.009568600000000016,3.7096776433803713,-0.0072154000000000055,-0.006347666666666678,0.0,0.49958175505049596,1.4020332278348264,0.9024514727843305,,1.4020332278348264,1.2013800629728415,1.0,-0.17936385188255977,-0.0870694928417494,0.09229435904081036,33.60557701712261,-0.0870694928417494,-0.07161827597107247,0.0,nan,nan,nan,nan,nan,nan,nan
mobile,0,gaussian,nan,-4.9714604,nan,192.6362429432472,-4.9714604,-3.5977630000000005,0.0,nan,nan,nan,nan,nan,nan,nan,-128.85244667835076,-5.413061894169174,123.43938478418158,146.82412485307776,-5.413061894169174,-3.75140647045936,0.0,-133.09248550460956,-6.195571762174855,126.8969137424347,315.07197565411894,-6.195571762174855,-4.376883443480147,0.0,-0.23392199999999996,-0.1485228,0.08539919999999995,118.59904746901724,-0.1485228,-0.13048400000000002,0.0,13.204483198890898,10.023433511820867,-3.181049687070031,,10.023433511820867,8.68008437375322,1.0,-0.662221380897952,-0.4773009431230846,0.18492043777486744,nan,-0.4773009431230846,-0.4086393056478823,0.0,nan,nan,nan,nan,nan,nan,nan
mobile,0,prop,nan,-0.005691599999999397,nan,-0.15312937691603912,-0.005691599999999397,0.0009766666666664037,0.4,nan,nan,nan,nan,nan,nan,nan,-98.50576859715846,-0.005494600491088164,98.50027399666737,0.0955458870101511,-0.005494600491088164,-0.0012281897273282993,0.4,-98.55313455597248,-0.030268488534711223,98.52286606743776,0.6182611406485794,-0.030268488534711223,-0.030275011101888794,0.0,-0.0006899999999999684,-0.0005727999999999955,0.00011719999999997292,0.5608871232876345,-0.0005727999999999955,-0.0007823333333333293,0.0,0.19449086483606237,0.09974343028848764,-0.09474743454757473,,0.09974343028848764,0.10092478576368909,1.0,-0.013862226843241898,-0.006354833813759631,0.0075073930294822675,2.0544840446302004,-0.006354833813759631,-0.006141394172268703,0.0,nan,nan,nan,nan,nan,nan,nan
mobile,5,nr,nan,-0.0038591999999994186,nan,0.05014671053042985,-0.0038591999999994186,-0.008730999999998565,0.2,nan,nan,nan,nan,nan,nan,nan,nan,-0.004255440053576365,nan,-0.04516490221297964,-0.004255440053576365,-0.0054132492195104005,0.2,nan,-0.00237655175879361,nan,-0.20402745112803045,-0.00237655175879361,-0.004388111302441544,0.6,nan,-0.00024399999999999978,nan,1.008228640090536,-0.00024399999999999978,-0.0004993333333333331,0.4,nan,0.006435815100059017,nan,,0.006435815100059017,0.004624513173447771,0.6,nan,-0.00037991480527335144,nan,-0.4882757016179462,-0.00037991480527335144,-3.256316241336451e-05,0.2,nan,nan,nan,nan,nan,nan,nan
mobile,5,hqdn3d,0.21573800000000176,-0.004523199999999861,-0.22026120000000163,0.014745009487127092,-0.004523199999999861,-0.005546999999999969,0.2,nan,nan,nan,nan,nan,nan,nan,0.5603926985470267,0.0018162661709780537,-0.5585764323760486,0.2824847240142869,0.0018162661709780537,-0.01098388682401108,0.6,-0.04895971508788932,-0.005144042267506421,0.0438156728203829,0.3915741856413746,-0.005144042267506421,-0.017538325306317642,0.8,0.002359,-0.0004414000000000362,-0.002800400000000036,-0.3256120540555796,-0.0004414000000000362,-0.0004463333333333634,0.2,0.6173812582497149,0.08522832316800333,-0.5321529350817116,,0.08522832316800333,0.09693149017398166,1.0,0.029992514750830312,-0.003050186895115048,-0.03304270164594536,-0.9962307732213183,-0.003050186895115048,-0.0030347827760399313,0.0,nan,nan,nan,nan,nan,nan,nan
mobile,5,dwt,-1.3994309999999999,-0.1892319999999998,1.210199,2.7684170926023377,-0.1892319999999998,-0.10122166666666625,0.2,nan,nan,nan,nan,nan,nan,nan,3.418786936036259,-0.25610259002780184,-3.674889526064061,3.882186627591966,-0.25610259002780184,-0.15123548743787416,0.2,-3.94867193561684,-0.3755547948245006,3.5731171407923394,5.4129877162189866,-0.3755547948245006,-0.23703583402903602,0.0,0.008867999999999987,-0.004560200000000014,-0.013428200000000001,2.1284052661599384,-0.004560200000000014,-0.0038883333333333456,0.0,1.9262503880163777,1.4570471387462671,-0.4692032492701106,,1.4570471387462671,1.2300568117731394,1.0,-0.021520735859724582,-0.08980404112718937,-0.06828330526746479,29.803871007795756,-0.08980404112718937,-0.0724497008343855,0.0,nan,nan,nan,nan,nan,nan,nan
mobile,5,gaussian,-13.695540999999999,-4.840569599999999,8.8549714,183.8221408344194,-4.840569599999999,-3.5334279999999985,0.0,nan,nan,nan,nan,nan,nan,nan,-9.293629807976615,-5.261373405011115,4.0322564029654995,142.20800865794448,-5.261373405011115,-3.676324738826177,0.0,-18.053692641317593,-6.039024625755944,12.014668015561648,279.75257812697805,-6.039024625755944,-4.295985855016619,0.0,-0.202971,-0.14607580000000003,0.05689519999999998,106.51876810677172,-0.14607580000000003,-0.12791333333333335,0.0,15.400391947226977,10.21244488279808,-5.187947064428897,,10.21244488279808,8.81145417293552,1.0,-0.48244838256201905,-0.4856900333565126,-0.003241650794493567,nan,-0.4856900333565126,-0.4142510133807317,0.0,nan,nan,nan,nan,nan,nan,nan
mobile,5,prop,0.6883559999999989,0.023920000000000385,-0.6644359999999985,-0.5334542922383112,0.023920000000000385,0.026149333333333875,1.0,nan,nan,nan,nan,nan,nan,nan,2.61478541745106,0.013319086065001073,-2.601466331386059,0.054530440659661394,0.013319086065001073,-0.005229867791290606,0.6,0.36553124624212785,-0.01725285513351338,-0.38278410137564123,0.6851539011282215,-0.01725285513351338,-0.027367031732304998,0.4,0.006643999999999983,0.0012633999999999812,-0.005380600000000002,-1.4796792047919505,0.0012633999999999812,0.0014013333333333284,1.0,0.6254581896624032,0.1480943026611648,-0.4773638870012384,,0.1480943026611648,0.15057100629775277,1.0,0.03507454591036341,-0.007938568028927607,-0.04301311393929101,3.392335869184593,-0.007938568028927607,-0.006283127990184416,0.0,nan,nan,nan,nan,nan,nan,nan
mobile,10,nr,nan,0.0017514000000005581,nan,0.242367904935481,0.0017514000000005581,0.002136000000000138,0.6,nan,nan,nan,nan,nan,nan,nan,nan,0.005404512242577653,nan,0.3531321730286141,0.005404512242577653,-0.0004959650270232411,0.6,nan,0.0071200075816150845,nan,0.4256836617667181,0.0071200075816150845,-0.005971239370821261,0.8,nan,0.00020380000000002062,nan,-1.1696094132984558,0.00020380000000002062,0.00036433333333337387,0.2,nan,-0.010553028555209565,nan,,-0.010553028555209565,-0.00010274627038064921,0.2,nan,0.00019504763708770855,nan,0.48895656553447076,0.00019504763708770855,0.00034546150161714656,0.6,nan,nan,nan,nan,nan,nan,nan
mobile,10,hqdn3d,0.05094799999999822,-0.0035246000000000778,-0.054472599999998296,0.1886538174824759,-0.0035246000000000778,-0.00479833333333346,0.6,nan,nan,nan,nan,nan,nan,nan,0.10577863250255604,0.00495751901085697,-0.10082111349169906,-0.07221115762533481,0.00495751901085697,-0.0015327111598146814,0.6,-0.007981649746909625,0.00503651023132754,0.013018159978237165,0.10379008376757426,0.00503651023132754,-0.002426961776473391,0.6,-0.0002830000000000332,-0.0006065999999999905,-0.00032359999999995723,-0.7608319482383386,-0.0006065999999999905,-0.0007399999999999999,0.0,0.3718854205118731,0.02985564672192744,-0.3420297737899457,,0.02985564672192744,0.031012482708222322,0.8,0.01006942732742322,-0.0013139241424752202,-0.01138335146989844,0.4624840285616161,-0.0013139241424752202,-0.0012000933465271164,0.4,nan,nan,nan,nan,nan,nan,nan
mobile,10,dwt,1.4724429999999984,0.01527900000000102,-1.4571639999999975,-0.5175382665839501,0.01527900000000102,-0.022394666666665824,0.6,nan,nan,nan,nan,nan,nan,nan,3.3540501170774384,-0.025989461813341563,-3.3800395788907798,0.44940114363825057,-0.025989461813341563,-0.06992319059734342,0.4,-0.4565718129957652,-0.18988364342523134,0.2666881695705339,3.50433145973037,-0.18988364342523134,-0.1799802923086483,0.0,0.030047000000000046,0.00011160000000001168,-0.029935400000000036,-13.237886673657663,0.00011160000000001168,-0.002174666666666658,0.4,2.963153454534268,1.4544996752547619,-1.5086537792795063,,1.4544996752547619,1.1914074734750624,1.0,0.19082719848342566,-0.08854313268334853,-0.2793703311667742,27.780714662640026,-0.08854313268334853,-0.06868277507279019,0.0,nan,nan,nan,nan,nan,nan,nan
mobile,10,gaussian,-7.769210000000001,-4.4107648,3.358445200000001,177.6411977059705,-4.4107648,-3.3387906666666667,0.0,nan,nan,nan,nan,nan,nan,nan,-3.4750161961323514,-4.792823276213153,-1.3178070800808017,126.50090202762824,-4.792823276213153,-3.454931961863496,0.0,-12.14934857990037,-5.612737077103982,6.536611502796387,237.3506564633609,-5.612737077103982,-4.0924749593489675,0.0,-0.15051000000000003,-0.14006879999999994,0.010441200000000095,53.85619820520382,-0.14006879999999994,-0.12492699999999994,0.0,18.764056781128,10.503647185797622,-8.26040959533038,,10.503647185797622,8.907216327985468,1.0,-0.26575151885776455,-0.4955395084448632,-0.22978798958709867,nan,-0.4955395084448632,-0.41916377403414895,0.0,nan,nan,nan,nan,nan,nan,nan
mobile,10,prop,2.167983000000003,0.1795977999999998,-1.9883852000000033,-3.2674347499938805,0.1795977999999998,0.13476299999999952,1.0,nan,nan,nan,nan,nan,nan,nan,5.496138316977429,0.10651858633176872,-5.389619730645661,-1.593631371908255,0.10651858633176872,0.0550249250683971,1.0,1.2000480278490393,-0.010905193786990352,-1.2109532216360297,0.6807932231242875,-0.010905193786990352,-0.01429998394036088,0.4,0.030367000000000033,0.0068694000000000255,-0.023497600000000007,-14.283945873600645,0.0068694000000000255,0.005799000000000036,1.0,2.980674473835812,0.449809405656789,-2.530865068179023,,0.449809405656789,0.27628615893150804,0.8,0.15261406059214833,-0.03263678164568262,-0.18525084223783095,8.395458954567815,-0.03263678164568262,-0.023008225239153912,0.0,nan,nan,nan,nan,nan,nan,nan
mobile,15,nr,nan,0.00029640000000057397,nan,-0.059091406399514046,0.00029640000000057397,-0.0013686666666667218,0.6,nan,nan,nan,nan,nan,nan,nan,nan,0.0071915753294192085,nan,-0.45849497909299375,0.0071915753294192085,0.008887786600215719,0.6,nan,0.0074453560628647605,nan,-0.46115518184876025,0.0074453560628647605,0.003849141269179531,0.6,nan,-0.00017739999999999423,nan,5.416893025523017,-0.00017739999999999423,-0.0002566666666666458,0.6,nan,-0.006163525831406247,nan,,-0.006163525831406247,-0.0072808074515945025,0.2,nan,-0.0007047023925747187,nan,-4.916150063609681,-0.0007047023925747187,-9.355429932208133e-05,0.4,nan,nan,nan,nan,nan,nan,nan
mobile,15,hqdn3d,0.017443000000000097,0.00030479999999997174,-0.017138200000000124,-0.31290054133619183,0.00030479999999997174,0.004089666666666621,0.6,nan,nan,nan,nan,nan,nan,nan,0.0334815190025779,0.0014195696853377625,-0.032061949317240136,-0.8827218587529551,0.0014195696853377625,0.0022696945896107934,0.6,-0.0028603165396745567,-0.0029949633793261653,-0.00013464683965160864,-0.798559906363594,-0.0029949633793261653,-0.008638353814995151,0.4,-0.0011259999999999604,-0.00032079999999998774,0.0008051999999999726,7.3195156361062,-0.00032079999999998774,-0.00012366666666667006,0.0,0.25521858255869745,0.04851604779802336,-0.20670253476067407,,0.04851604779802336,0.055307341596099846,0.8,0.004336138957478641,-0.000394928409902251,-0.0047310673673808925,2.5152312835193147,-0.000394928409902251,-0.00204719086006148,0.4,nan,nan,nan,nan,nan,nan,nan
mobile,15,dwt,1.7746670000000009,0.18750680000000058,-1.5871602000000002,-6.821350775930113,0.18750680000000058,0.06535633333333261,1.0,nan,nan,nan,nan,nan,nan,nan,2.3794125756536104,0.22606228728786631,-2.1533502883657443,-7.142248326134338,0.22606228728786631,0.05988400240113142,0.8,0.4691565501998092,-0.006009265343278258,-0.47516581554308746,-0.15590134341229023,-0.006009265343278258,-0.07089895454373026,0.4,0.032464999999999966,0.006384200000000018,-0.02608079999999995,-49.669617268510216,0.006384200000000018,0.0018060000000000114,0.8,3.4596696931943995,1.5485106229096062,-1.9111590702847934,,1.5485106229096062,1.1910128433420593,1.0,0.14841061778602305,-0.06622512025090903,-0.2146357380369321,92.15464636268568,-0.06622512025090903,-0.07143563437450602,0.0,nan,nan,nan,nan,nan,nan,nan
mobile,15,gaussian,-4.346219999999999,-3.802291999999999,0.5439279999999997,178.46993055645902,-3.802291999999999,-3.0342679999999995,0.0,nan,nan,nan,nan,nan,nan,nan,-0.13926889604175585,-4.104676535254855,-3.9654076392130992,100.64524368766077,-4.104676535254855,-3.135243815802607,0.0,-8.727979908045342,-5.033970452263342,3.694009455781999,218.32618475473146,-5.033970452263342,-3.8036980702677976,0.0,-0.10386799999999996,-0.1282328,-0.024364800000000048,-45.833610302035844,-0.1282328,-0.11893866666666668,0.0,22.521041796005456,11.054818593954494,-11.466223202050962,,11.054818593954494,9.17740456603223,1.0,-0.08037273288769603,-0.4769891494841187,-0.39661641659642266,nan,-0.4769891494841187,-0.4250975763363159,0.0,nan,nan,nan,nan,nan,nan,nan
mobile,15,prop,3.2444680000000012,0.36188339999999997,-2.8825846000000013,-10.06068474621834,0.36188339999999997,0.2409783333333332,1.0,nan,nan,nan,nan,nan,nan,nan,7.525258983579992,0.26112620694658945,-7.264132776633402,-8.18062544790551,0.26112620694658945,0.13189455114572604,1.0,1.6600262027452573,-0.03585835033570781,-1.695884553080965,0.3332260079310201,-0.03585835033570781,-0.044552332715154463,0.2,0.057097000000000064,0.014936400000000006,-0.04216060000000006,-50.144727073588236,0.014936400000000006,0.011419333333333337,1.0,7.2936200127660875,1.3767965035879262,-5.916823509178162,,1.3767965035879262,0.9185851746050387,1.0,0.27577515389209273,-0.050438628163734164,-0.3262137820558269,67.27187530025816,-0.050438628163734164,-0.05940334319183305,0.2,nan,nan,nan,nan,nan,nan,nan
stefan,0,nr,nan,0.005031600000000936,nan,-0.05843966297860437,0.005031600000000936,0.009742333333334111,0.6,nan,nan,nan,nan,nan,nan,nan,nan,-0.0002809155868106927,nan,0.051807683782811864,-0.0002809155868106927,0.004531429343411257,0.6,nan,-0.002549449954759808,nan,0.01569417615889801,-0.002549449954759808,-0.0022055263640190503,0.4,nan,0.0005856000000000084,nan,-0.294545035558047,0.0005856000000000084,0.0009806666666667037,0.8,nan,0.018891938126250805,nan,,0.018891938126250805,0.010998972871592608,0.8,nan,-0.0008974706021855905,nan,1.119547681775801,-0.0008974706021855905,-0.0018373025631755284,0.6,nan,nan,nan,nan,nan,nan,nan
stefan,0,hqdn3d,nan,-0.007134400000000341,nan,0.062050224637610896,-0.007134400000000341,-0.0008900000000006495,0.2,nan,nan,nan,nan,nan,nan,nan,-102.04198428341485,0.0236499269497628,102.0656342103646,-0.36851122861030206,0.0236499269497628,0.02217406217130839,0.8,-99.68998322240213,0.012123639075716142,99.70210686147784,-0.07874841316047876,0.012123639075716142,0.003300726790058661,0.6,-0.005743000000000054,-0.0004883999999999889,0.005254600000000065,0.5354778328593879,-0.0004883999999999889,-6.299999999999824e-05,0.2,0.5768558074732884,0.04738912278356935,-0.529466684689719,,0.04738912278356935,0.04164300761220948,0.8,-0.042194354476833174,-0.004762456248646995,0.037431898228186176,2.115679395675696,-0.004762456248646995,-0.004332887822649141,0.0,nan,nan,nan,nan,nan,nan,nan
stefan,0,dwt,nan,-0.3003770000000003,nan,3.805503757843587,-0.3003770000000003,-0.13167066666666707,0.0,nan,nan,nan,nan,nan,nan,nan,-114.13680559370769,-0.34791392830002293,113.78889166540768,3.94411312224181,-0.34791392830002293,-0.15789414156021073,0.0,-117.31192498253945,-0.4519777439007065,116.85994723863874,5.537207590887916,-0.4519777439007065,-0.2400655118856593,0.0,-0.014801999999999982,-0.004744999999999999,0.010056999999999983,3.419716324921085,-0.004744999999999999,-0.004268000000000012,0.0,0.11834170190274662,0.9583613427275971,0.8400196408248505,,0.9583613427275971,0.9072743401503676,1.0,-0.1797268005261078,-0.08643842918081046,0.09328837134529733,47.134982189146,-0.08643842918081046,-0.07472440963971627,0.0,nan,nan,nan,nan,nan,nan,nan
stefan,0,gaussian,nan,-4.6219166000000005,nan,236.14212194657605,-4.6219166000000005,-3.145951,0.0,nan,nan,nan,nan,nan,nan,nan,-127.03537124284964,-5.234983213500046,121.80038802934959,262.28165540242776,-5.234983213500046,-3.5886141831652645,0.0,-131.00505783334904,-5.744770069476285,125.26028776387275,nan,-5.744770069476285,-3.934421962894111,0.0,-0.18776700000000002,-0.11455819999999999,0.07320880000000003,159.28884179931777,-0.11455819999999999,-0.10008633333333332,0.0,9.696544669327599,7.47310575355601,-2.223438915771589,,7.47310575355601,6.731011101306436,1.0,-0.5173129262881584,-0.3978215931188559,0.1194913331693025,nan,-0.3978215931188559,-0.3581003219831047,0.0,nan,nan,nan,nan,nan,nan,nan
stefan,0,prop,nan,-0.055282400000000106,nan,0.7852236966638282,-0.055282400000000106,-0.0315463333333336,0.2,nan,nan,nan,nan,nan,nan,nan,-98.55322199410965,0.015769677405638304,98.56899167151529,-0.368015051587367,0.015769677405638304,0.0042567538296331975,0.8,-98.26666782117103,-0.0012612661093861278,98.26540655506165,-0.006737398549105933,-0.0012612661093861278,-0.015485908246355725,0.6,-0.001346999999999987,-0.0005223999999999895,0.0008245999999999976,0.13705348924388794,-0.0005223999999999895,-0.0004643333333333259,0.2,0.2317874894696761,0.07975458069062817,-0.1520329087790479,,0.07975458069062817,0.06758309462913144,1.0,-0.016020716817971348,-0.004079405976805206,0.011941310841166142,1.0768629583138178,-0.004079405976805206,-0.004053336784878847,0.0,nan,nan,nan,nan,nan,nan,nan
stefan,5,nr,nan,-0.002825399999999689,nan,0.05624980066394336,-0.002825399999999689,-0.005893666666666538,0.2,nan,nan,nan,nan,nan,nan,nan,nan,0.002972279496526653,nan,-0.1285747475310295,0.002972279496526653,0.003233606970515742,0.6,nan,-0.00015120854245509463,nan,-0.10141206610390086,-0.00015120854245509463,0.00017971889856364479,0.6,nan,-6.779999999999564e-05,nan,0.27974406050319534,-6.779999999999564e-05,-0.00019966666666667207,0.6,nan,0.028115680917029096,nan,,0.028115680917029096,0.04272179577787997,0.6,nan,-0.00311742279172047,nan,0.38934911657719784,-0.00311742279172047,-0.004673840249158327,0.4,nan,nan,nan,nan,nan,nan,nan
stefan,5,hqdn3d,0.34530300000000125,0.014559000000001276,-0.330744,-0.1703101502446458,0.014559000000001276,-0.0019586666666657018,0.6,nan,nan,nan,nan,nan,nan,nan,0.6705694863155927,0.012982183953164394,-0.6575873023624282,-0.0752403460693496,0.012982183953164394,-0.01940804923900667,0.6,0.01702916316292402,0.012483963763613559,-0.004545199399310463,-0.0981378550663714,0.012483963763613559,-0.017252256157617534,0.6,0.006781999999999955,-0.0003307999999999867,-0.007112799999999942,0.3034774909796534,-0.0003307999999999867,-0.00032399999999999096,0.2,0.7563633072910321,0.09808152849667487,-0.6582817787943572,,0.09808152849667487,0.13016393553282116,0.8,0.032319276391396534,-0.006661211031799152,-0.03898048742319569,4.331411267947205,-0.006661211031799152,-0.007607240015629735,0.0,nan,nan,nan,nan,nan,nan,nan
stefan,5,dwt,-0.9686620000000019,-0.21423019999999865,0.7544318000000032,2.6324292565714558,-0.21423019999999865,-0.1234086666666651,0.0,nan,nan,nan,nan,nan,nan,nan,4.23308351101603,-0.16789114404224534,-4.400974655058276,1.5305930595385542,-0.16789114404224534,-0.0789526073274421,0.2,-3.2154881921087863,-0.2847579152031351,2.9307302769056514,3.4655630586926556,-0.2847579152031351,-0.1735586664141439,0.0,0.030066000000000037,-0.002075199999999988,-0.03214120000000002,0.22273677678066317,-0.002075199999999988,-0.0026053333333333115,0.0,1.9860676621366036,1.0292804123836607,-0.9567872497529428,,1.0292804123836607,0.9929993777996492,1.0,0.042647440686509164,-0.09554368199504151,-0.13819112268155068,60.518841711924985,-0.09554368199504151,-0.08173511224620371,0.0,nan,nan,nan,nan,nan,nan,nan
stefan,5,gaussian,-12.071372,-4.471277,7.6000950000000005,254.46850692638358,-4.471277,-3.12006,0.0,nan,nan,nan,nan,nan,nan,nan,-7.070089309114987,-4.9450808388613225,2.1250084702536647,219.1117993071523,-4.9450808388613225,-3.452373445296722,0.0,-15.881610891375047,-5.487470038362873,10.394140853012175,nan,-5.487470038362873,-3.822520327441945,0.0,-0.133046,-0.11230179999999998,0.020744200000000018,148.75612355985567,-0.11230179999999998,-0.09828966666666665,0.0,12.53722858598009,7.691882195552154,-4.845346390427936,,7.691882195552154,6.9003098838728105,1.0,-0.26675454624956796,-0.4057907079520383,-0.13903616170247035,nan,-0.4057907079520383,-0.3665210317159397,0.0,nan,nan,nan,nan,nan,nan,nan
stefan,5,prop,0.7642990000000012,-0.0505203999999992,-0.8148194000000004,1.0242423839305514,-0.0505203999999992,-0.03385533333333276,0.2,nan,nan,nan,nan,nan,nan,nan,4.117724062958626,-0.018116866199499527,-4.1358409291581255,0.4462967169940324,-0.018116866199499527,-0.015654472481300512,0.2,0.5552440062747621,-0.03676883038696843,-0.5920128366617305,0.6902017967157281,-0.03676883038696843,-0.02979456092121661,0.0,0.015807999999999933,0.000749999999999984,-0.01505799999999995,-0.6411932546682375,0.000749999999999984,0.0005319999999999769,0.8,1.1746940979056788,0.1464654706649494,-1.0282286272407295,,0.1464654706649494,0.1210053134256223,1.0,0.043019104254198415,-0.009848014395531669,-0.05286711864973008,2.6775757275952383,-0.009848014395531669,-0.008709514017457565,0.0,nan,nan,nan,nan,nan,nan,nan
stefan,10,nr,nan,0.0025938000000003568,nan,0.16429896199521288,0.0025938000000003568,0.0024563333333335415,0.6,nan,nan,nan,nan,nan,nan,nan,nan,0.01487620969769452,nan,0.30229428694863447,0.01487620969769452,0.011424505153476852,0.8,nan,0.019222305766205493,nan,0.2241191354282135,0.019222305766205493,0.01243892921050005,0.8,nan,-0.00013899999999997804,nan,7.092280001274842,-0.00013899999999997804,-0.0003693333333332956,0.8,nan,0.02272546637181705,nan,,0.02272546637181705,0.057165648735415665,0.4,nan,0.00229741017368279,nan,-5.072726647439918,0.00229741017368279,0.0038788442135636223,0.6,nan,nan,nan,nan,nan,nan,nan
stefan,10,hqdn3d,0.066670000000002,0.023557800000000385,-0.04311220000000162,-0.2043026504225276,0.023557800000000385,0.019511000000000205,0.8,nan,nan,nan,nan,nan,nan,nan,0.12326714063855349,0.01863481538100089,-0.10463232525755259,-0.551720519101262,0.01863481538100089,-0.0021622122333155858,0.6,0.006756034111258913,0.025662121486036683,0.01890608737477777,-0.05117721554951382,0.025662121486036683,0.005775030369976027,0.8,9.999999999998899e-05,3.8000000000204538e-06,-9.619999999996854e-05,-4.445731537999986,3.8000000000204538e-06,-4.199999999998649e-05,0.4,0.4404072311426255,0.034390221886062736,-0.40601700925656276,,0.034390221886062736,0.0491583153946582,0.4,0.009183211891471532,0.0011314365163499485,-0.008051775375121584,-12.652134162262307,0.0011314365163499485,-0.00045011902765471995,0.8,nan,nan,nan,nan,nan,nan,nan
stefan,10,dwt,1.6800630000000005,0.15485479999999968,-1.525208200000001,-3.482471930303088,0.15485479999999968,0.03207666666666616,0.8,nan,nan,nan,nan,nan,nan,nan,3.6858971579043676,0.2793888212895233,-3.406508336614844,-7.619482810382694,0.2793888212895233,0.08763510017618732,1.0,0.20216168261140055,0.08630490121541427,-0.11585678139598628,-2.383057402448985,0.08630490121541427,-0.023845833848021414,0.4,0.05105799999999994,0.00875220000000001,-0.04230579999999993,-49.06292529157646,0.00875220000000001,0.001967000000000015,0.8,3.3747716134885373,1.2304430689209656,-2.1443285445675717,,1.2304430689209656,1.057438003143572,1.0,0.1907713947954347,-0.0705453256646265,-0.2613167204600612,283.3402767337796,-0.0705453256646265,-0.08056153814542955,0.0,nan,nan,nan,nan,nan,nan,nan
stefan,10,gaussian,-6.151128999999997,-3.7500954,2.401033599999997,239.89200096730937,-3.7500954,-2.8146533333333337,0.0,nan,nan,nan,nan,nan,nan,nan,-1.2008298944140243,-4.053082399826097,-2.852252505412073,164.5825838246591,-4.053082399826097,-3.0763855669206444,0.0,-9.962141991876472,-4.720629951027844,5.241512040848628,nan,-4.720629951027844,-3.503878451807577,0.0,-0.05937999999999999,-0.0994424,-0.04006240000000001,-11.819339929570194,-0.0994424,-0.09303333333333334,0.0,16.71949583419399,8.272114400824606,-8.447381433369383,,8.272114400824606,7.233104406383402,1.0,-0.04239798999349331,-0.38364503854086374,-0.3412470485473704,nan,-0.38364503854086374,-0.3703557456764173,0.0,nan,nan,nan,nan,nan,nan,nan
stefan,10,prop,2.1391120000000043,-0.03873180000000076,-2.177843800000005,0.6873151664132715,-0.03873180000000076,-0.037537333333334054,0.2,nan,nan,nan,nan,nan,nan,nan,6.17377023104579,0.14516551083140997,-6.02860472021438,-5.183944698951604,0.14516551083140997,0.06673921135567085,1.0,1.5467595403275354,0.03370297605630057,-1.5130565642712348,-1.0658102770588873,0.03370297605630057,0.005462953855867407,0.6,0.048705999999999916,0.004699599999999982,-0.04400639999999993,-41.95696399486829,0.004699599999999982,0.0019693333333333043,1.0,4.465201238021756,0.6953058340016032,-3.7698954040201524,,0.6953058340016032,0.48799708315107654,1.0,0.12411520218773209,-0.006600725683896735,-0.13071592787162883,110.8992378518554,-0.006600725683896735,-0.02450161449721437,0.2,nan,nan,nan,nan,nan,nan,nan
stefan,15,nr,nan,0.0034053999999997587,nan,-0.14864737222033408,0.0034053999999997587,0.0007246666666667068,0.6,nan,nan,nan,nan,nan,nan,nan,nan,-0.0052180061546884815,nan,-5.423518333753485,-0.0052180061546884815,0.004398098557184464,0.2,nan,0.0065040558699323014,nan,-0.8970590021568747,0.0065040558699323014,0.017522477900437632,0.6,nan,8.420000000002315e-05,nan,143.27929592437022,8.420000000002315e-05,0.00020266666666668431,0.6,nan,-0.0405538952577114,nan,,-0.0405538952577114,-0.03380690930961746,0.2,nan,-0.0006279015251790642,nan,-1.209098868734071,-0.0006279015251790642,-0.0008659588469317839,0.4,nan,nan,nan,nan,nan,nan,nan
stefan,15,hqdn3d,0.02076500000000081,0.0028407999999998878,-0.017924200000000924,-1.1253212252496203,0.0028407999999998878,0.003294333333332844,0.6,nan,nan,nan,nan,nan,nan,nan,0.04054876867687085,0.014779637075098861,-0.025769131601771987,11.149168958312327,0.014779637075098861,0.02220082498152583,0.6,0.0035235877447270525,0.01364435840495588,0.010120770660228828,-1.187084747348155,0.01364435840495588,0.035171488072132696,0.4,-0.001443000000000083,-0.0003801999999999861,0.001062800000000097,-86.14720648660632,-0.0003801999999999861,-0.00015933333333332614,0.2,0.30157615651300773,-0.03875594583566446,-0.34033210234867217,,-0.03875594583566446,-0.06244027711963499,0.2,0.003918783139022608,0.004511566735164929,0.0005927835961423208,-8.310141541099991,0.004511566735164929,0.006291428498108487,1.0,nan,nan,nan,nan,nan,nan,nan
stefan,15,dwt,1.859183999999999,0.34890459999999945,-1.5102793999999995,-11.453224435225085,0.34890459999999945,0.17563033333333303,1.0,nan,nan,nan,nan,nan,nan,nan,2.639712824838149,0.5045037302554164,-2.135209094582733,-27.551738191131136,0.5045037302554164,0.245503967475346,1.0,0.964793975638905,0.20634482352525935,-0.7584491521136456,-4.069798490763499,0.20634482352525935,0.09671959147990232,0.8,0.041013999999999995,0.01869160000000001,-0.022322399999999985,6691689.265719341,0.01869160000000001,0.008922333333333329,1.0,4.142379060755918,1.4786710408009516,-2.6637080199549663,,1.4786710408009516,1.1352132479060852,1.0,0.13902074456205116,-0.008655454084220703,-0.14767619864627185,-38.40236273235298,-0.008655454084220703,-0.0620444540837776,0.4,nan,nan,nan,nan,nan,nan,nan
stefan,15,gaussian,-2.7294850000000004,-2.937107200000001,-0.20762220000000076,230.3459425117064,-2.937107200000001,-2.3672176666666673,0.0,nan,nan,nan,nan,nan,nan,nan,2.2198855266490654,-3.0325432212070274,-5.252428747856093,107.89649729382265,-3.0325432212070274,-2.499150027400475,0.0,-6.5138954187107565,-3.9148525054642134,2.599042913246543,nan,-3.9148525054642134,-3.02149950795115,0.0,-0.009166000000000007,-0.07779499999999999,-0.06862899999999998,155119579.36133406,-0.07779499999999999,-0.08090366666666667,0.0,21.388596620525625,9.147152148995973,-12.241444471529652,,9.147152148995973,7.688569420987474,1.0,0.10522205765579773,-0.3164088168998241,-0.4216308745556218,nan,-0.3164088168998241,-0.35580733312761614,0.0,nan,nan,nan,nan,nan,nan,nan
stefan,15,prop,3.047983000000002,0.09657599999999888,-2.9514070000000032,-6.46229265702869,0.09657599999999888,0.009709333333332163,0.8,nan,nan,nan,nan,nan,nan,nan,7.2460707479930875,0.20946428142119516,-7.036606466571892,-24.09311804060873,0.20946428142119516,0.04506505514927402,0.8,1.8943469379317897,-0.09056861338127362,-1.9849155513130632,2.935350856405017,-0.09056861338127362,-0.10110713089137728,0.2,0.06557399999999991,0.01195520000000001,-0.0536187999999999,12342114.413825734,0.01195520000000001,0.005835666666666683,1.0,8.888868458542927,1.6728134348193222,-7.216055023723604,,1.6728134348193222,1.1702884148387092,1.0,0.15134403100674254,0.010878187929889326,-0.14046584307685323,-66.9569258029157,0.010878187929889326,-0.03646788198932582,0.4,nan,nan,nan,nan,nan,nan,nan
